:START_ID,:END_ID,relation,concepts,synsets,numeric_id,:TYPE
Alex Mercer,dwarfed,was,"['existed', 'happened', 'occurred']",[],0,Relation
Taylor Cruz,attention,demanded,"['commanded', 'necessitated', 'required', 'requested', 'demanded']",[],1,Relation
Alex Mercer,compliance,offered,"['provided', 'given', 'presented', 'supplied', 'donated']",[],2,Relation
Jordan Hayes,support,offered,"['provided', 'given', 'presented', 'supplied', 'donated']",[],3,Relation
Sam Rivera,information,added,"['added', 'supplement', 'incorporate', 'attached', 'append']",[],4,Relation
Taylor Cruz,Alex Mercer,reprimanded,"['rebuked', 'punished', 'scolded', 'criticized']",[],5,Relation
Alex Mercer,protocol,aligned,"['match', 'synchronize', 'harmonize', 'adjust', 'sync']",[],6,Relation
Jordan Hayes,Alex Mercer's struggle,understood,"['grasp', 'realize', 'comprehend', 'know', 'perceive']",[],7,Relation
Alex Mercer,determination,formed,"['developed', 'brought into existence', 'established', 'created']",[],8,Relation
The thrumming of monitors cast a stark contrast to the rigid silence enveloping the group.,"Agent Alex Mercer, unfailingly determined on paper, seemed dwarfed by the enormity of the sterile briefing room where Paranormal Military Squad's elite convened.",before,"['precede', 'antecedent', 'come first', 'prior to', 'lead']",[],9,Relation
"Agent Alex Mercer, unfailingly determined on paper, seemed dwarfed by the enormity of the sterile briefing room where Paranormal Military Squad's elite convened.","With dulled eyes, he scanned the projectors outlining their impending odyssey into Operation: Dulce.",at the same time,"['in tandem', 'at once', 'concurrently', 'together', 'simultaneously']",[],10,Relation
"It was Taylor Cruz’s voice, laced with an edge that demanded attention.","Alex flickered a strained smile, still thumbing his folder's corner.",because,"['due to', 'on account of', 'thanks to', 'owing to', 'as a result of']",[],11,Relation
"Alex flickered a strained smile, still thumbing his folder's corner.","The compliance in his tone was unsettling, even to himself.",because,"['due to', 'on account of', 'thanks to', 'owing to', 'as a result of']",[],12,Relation
"Jordan Hayes, perched on the opposite side of the table, narrowed their eyes but offered a supportive nod.","'Details are imperative. We’ll need your clear-headedness down there, Mercer.'",at the same time,"['in tandem', 'at once', 'concurrently', 'together', 'simultaneously']",[],13,Relation
"'Details are imperative. We’ll need your clear-headedness down there, Mercer.'","A comfortable silence, the kind that threaded between veterans of shared secrets, lingered briefly before Sam Rivera, never one to submit to quiet, added, 'I’ve combed through the last transmission logs. If anyone can make sense of the anomalies, it’s going to be the two of you.'",because,"['due to', 'on account of', 'thanks to', 'owing to', 'as a result of']",[],14,Relation
"A comfortable silence, the kind that threaded between veterans of shared secrets, lingered briefly before Sam Rivera, never one to submit to quiet, added, 'I’ve combed through the last transmission logs. If anyone can make sense of the anomalies, it’s going to be the two of you.'","Taylor snorted dismissively. 'Focus, people. We have protocols for a reason. Speculation is counter-productive.'",because,"['due to', 'on account of', 'thanks to', 'owing to', 'as a result of']",[],15,Relation
"Taylor snorted dismissively. 'Focus, people. We have protocols for a reason. Speculation is counter-productive.'","The words 'counter-productive' seemed to hang in the air, a tacit reprimand directed at Alex.",because,"['due to', 'on account of', 'thanks to', 'owing to', 'as a result of']",[],16,Relation
"Feeling the weight of his compliance conflicting with his natural inclination to leave no stone unturned, Alex straightened in his seat.","It was an affirmation, but beneath it lay layers of unspoken complexities that would undoubtedly unwind with time.",because,"['due to', 'on account of', 'thanks to', 'owing to', 'as a result of']",[],17,Relation
"Alex's submission, though seemingly complete, didn't escape Jordan, who tilted their head ever so slightly, their eyes revealing a spark of understanding.",They knew well enough the struggle of aligning personal convictions with overarching missions.,because,"['due to', 'on account of', 'thanks to', 'owing to', 'as a result of']",[],18,Relation
"As everyone began to collect their binders and prepare for departure, a quiet resolve took form within Alex, galvanized by the groundwork laid by their interactions.","He may have spoken in compliance, but his determination had merely taken a subtler form — one that wouldn't surrender so easily to the forthcoming shadows.",as a result,"['aftermath', 'outcome', 'result', 'consequence', 'effect']",[],19,Relation
The thrumming of monitors cast a stark contrast to the rigid silence enveloping the group.,monitors,is participated by,"['is part of', 'is represented by', 'is included in', 'involves', 'acted by']",[],20,Relation
The thrumming of monitors cast a stark contrast to the rigid silence enveloping the group.,group,is participated by,"['is part of', 'is represented by', 'is included in', 'involves', 'acted by']",[],21,Relation
"Agent Alex Mercer, unfailingly determined on paper, seemed dwarfed by the enormity of the sterile briefing room where Paranormal Military Squad's elite convened.",Agent Alex Mercer,is participated by,"['is part of', 'is represented by', 'is included in', 'involves', 'acted by']",[],22,Relation
"Agent Alex Mercer, unfailingly determined on paper, seemed dwarfed by the enormity of the sterile briefing room where Paranormal Military Squad's elite convened.",briefing room,is participated by,"['is part of', 'is represented by', 'is included in', 'involves', 'acted by']",[],23,Relation
"Agent Alex Mercer, unfailingly determined on paper, seemed dwarfed by the enormity of the sterile briefing room where Paranormal Military Squad's elite convened.",Paranormal Military Squad,is participated by,"['is part of', 'is represented by', 'is included in', 'involves', 'acted by']",[],24,Relation
"With dulled eyes, he scanned the projectors outlining their impending odyssey into Operation: Dulce.",Agent Alex Mercer,is participated by,"['is part of', 'is represented by', 'is included in', 'involves', 'acted by']",[],25,Relation
"With dulled eyes, he scanned the projectors outlining their impending odyssey into Operation: Dulce.",projectors,is participated by,"['is part of', 'is represented by', 'is included in', 'involves', 'acted by']",[],26,Relation
"With dulled eyes, he scanned the projectors outlining their impending odyssey into Operation: Dulce.",Operation: Dulce,is participated by,"['is part of', 'is represented by', 'is included in', 'involves', 'acted by']",[],27,Relation
"It was Taylor Cruz’s voice, laced with an edge that demanded attention.",Taylor Cruz,is participated by,"['is part of', 'is represented by', 'is included in', 'involves', 'acted by']",[],28,Relation
"Alex flickered a strained smile, still thumbing his folder's corner.",Agent Alex Mercer,is participated by,"['is part of', 'is represented by', 'is included in', 'involves', 'acted by']",[],29,Relation
"'Of course not, Agent Cruz. Just trying to soak in all the details.'",Agent Alex Mercer,is participated by,"['is part of', 'is represented by', 'is included in', 'involves', 'acted by']",[],30,Relation
"'Of course not, Agent Cruz. Just trying to soak in all the details.'",Agent Cruz,is participated by,"['is part of', 'is represented by', 'is included in', 'involves', 'acted by']",[],31,Relation
"Jordan Hayes, perched on the opposite side of the table, narrowed their eyes but offered a supportive nod.",Jordan Hayes,is participated by,"['is part of', 'is represented by', 'is included in', 'involves', 'acted by']",[],32,Relation
"'Details are imperative. We’ll need your clear-headedness down there, Mercer.'",Jordan Hayes,is participated by,"['is part of', 'is represented by', 'is included in', 'involves', 'acted by']",[],33,Relation
"'Details are imperative. We’ll need your clear-headedness down there, Mercer.'",Agent Alex Mercer,is participated by,"['is part of', 'is represented by', 'is included in', 'involves', 'acted by']",[],34,Relation
"A comfortable silence, the kind that threaded between veterans of shared secrets, lingered briefly.",group,is participated by,"['is part of', 'is represented by', 'is included in', 'involves', 'acted by']",[],35,Relation
"Sam Rivera, never one to submit to quiet, added, 'I’ve combed through the last transmission logs. If anyone can make sense of the anomalies, it’s going to be the two of you.'",Sam Rivera,is participated by,"['is part of', 'is represented by', 'is included in', 'involves', 'acted by']",[],36,Relation
"Sam Rivera, never one to submit to quiet, added, 'I’ve combed through the last transmission logs. If anyone can make sense of the anomalies, it’s going to be the two of you.'",Agent Alex Mercer,is participated by,"['is part of', 'is represented by', 'is included in', 'involves', 'acted by']",[],37,Relation
"Sam Rivera, never one to submit to quiet, added, 'I’ve combed through the last transmission logs. If anyone can make sense of the anomalies, it’s going to be the two of you.'",Taylor Cruz,is participated by,"['is part of', 'is represented by', 'is included in', 'involves', 'acted by']",[],38,Relation
Taylor snorted dismissively.,Taylor Cruz,is participated by,"['is part of', 'is represented by', 'is included in', 'involves', 'acted by']",[],39,Relation
"'Focus, people. We have protocols for a reason. Speculation is counter-productive.'",Taylor Cruz,is participated by,"['is part of', 'is represented by', 'is included in', 'involves', 'acted by']",[],40,Relation
"The words 'counter-productive' seemed to hang in the air, a tacit reprimand directed at Alex.",Taylor Cruz,is participated by,"['is part of', 'is represented by', 'is included in', 'involves', 'acted by']",[],41,Relation
"The words 'counter-productive' seemed to hang in the air, a tacit reprimand directed at Alex.",Agent Alex Mercer,is participated by,"['is part of', 'is represented by', 'is included in', 'involves', 'acted by']",[],42,Relation
"Feeling the weight of his compliance conflicting with his natural inclination to leave no stone unturned, Alex straightened in his seat.",Agent Alex Mercer,is participated by,"['is part of', 'is represented by', 'is included in', 'involves', 'acted by']",[],43,Relation
"'I agree, Agent Cruz. Protocol is paramount,' he said, meeting Taylor's steely gaze.",Agent Alex Mercer,is participated by,"['is part of', 'is represented by', 'is included in', 'involves', 'acted by']",[],44,Relation
"'I agree, Agent Cruz. Protocol is paramount,' he said, meeting Taylor's steely gaze.",Agent Cruz,is participated by,"['is part of', 'is represented by', 'is included in', 'involves', 'acted by']",[],45,Relation
"'I agree, Agent Cruz. Protocol is paramount,' he said, meeting Taylor's steely gaze.",Taylor Cruz,is participated by,"['is part of', 'is represented by', 'is included in', 'involves', 'acted by']",[],46,Relation
"It was an affirmation, but beneath it lay layers of unspoken complexities that would undoubtedly unwind with time.",Agent Alex Mercer,is participated by,"['is part of', 'is represented by', 'is included in', 'involves', 'acted by']",[],47,Relation
"Alex's submission, though seemingly complete, didn't escape Jordan, who tilted their head ever so slightly, their eyes revealing a spark of understanding.",Agent Alex Mercer,is participated by,"['is part of', 'is represented by', 'is included in', 'involves', 'acted by']",[],48,Relation
"Alex's submission, though seemingly complete, didn't escape Jordan, who tilted their head ever so slightly, their eyes revealing a spark of understanding.",Jordan Hayes,is participated by,"['is part of', 'is represented by', 'is included in', 'involves', 'acted by']",[],49,Relation
They knew well enough the struggle of aligning personal convictions with overarching missions.,Jordan Hayes,is participated by,"['is part of', 'is represented by', 'is included in', 'involves', 'acted by']",[],50,Relation
"As everyone began to collect their binders and prepare for departure, a quiet resolve took form within Alex, galvanized by the groundwork laid by their interactions.",Agent Alex Mercer,is participated by,"['is part of', 'is represented by', 'is included in', 'involves', 'acted by']",[],51,Relation
"As everyone began to collect their binders and prepare for departure, a quiet resolve took form within Alex, galvanized by the groundwork laid by their interactions.",group,is participated by,"['is part of', 'is represented by', 'is included in', 'involves', 'acted by']",[],52,Relation
"He may have spoken in compliance, but his determination had merely taken a subtler form — one that wouldn't surrender so easily to the forthcoming shadows.",Agent Alex Mercer,is participated by,"['is part of', 'is represented by', 'is included in', 'involves', 'acted by']",[],53,Relation
Agent Alex Mercer,dwarfed,seemed,"['gave impression', 'showed itself', 'appeared', 'presented itself', 'seemed', 'looked']",[],54,Relation
Agent Alex Mercer,projectors,scanned,"['viewed', 'observed', 'examined', 'looked at', 'inspected']",[],55,Relation
Taylor Cruz,Agent Mercer,asked,"['inquired', 'sought', 'requested', 'questioned', 'queried']",[],56,Relation
Agent Alex Mercer,Agent Cruz,said,"['uttered', 'expressed', 'stated', 'mentioned', 'spoke']",[],57,Relation
Jordan Hayes,supportive nod,offered,"['provided', 'given', 'presented', 'supplied', 'donated']",[],58,Relation
Sam Rivera,transmission logs,added,"['added', 'supplement', 'incorporate', 'attached', 'append']",[],59,Relation
Taylor Cruz,protocols,said,"['uttered', 'expressed', 'stated', 'mentioned', 'spoke']",[],60,Relation
Jordan Hayes,struggle,knew,"['familiar with', 'had knowledge of', 'acquainted with', 'recognized', 'knew about']",[],61,Relation
Agent Alex Mercer,compliance,felt,"['felt', 'experienced', 'sensed', 'perceived', 'understood']",[],62,Relation
Jordan Hayes,spark,saw,"['observed', 'perceived', 'witnessed', 'noticed']",[],63,Relation
Agent Alex Mercer,resolve,formed,"['developed', 'brought into existence', 'established', 'created']",[],64,Relation
The thrumming of monitors cast a stark contrast to the rigid silence enveloping the group.,"Agent Alex Mercer, unfailingly determined on paper, seemed dwarfed by the enormity of the sterile briefing room where Paranormal Military Squad's elite convened.",at the same time,"['in tandem', 'at once', 'concurrently', 'together', 'simultaneously']",[],65,Relation
The thrumming of monitors cast a stark contrast to the rigid silence enveloping the group.,"With dulled eyes, he scanned the projectors outlining their impending odyssey into Operation: Dulce.",at the same time,"['in tandem', 'at once', 'concurrently', 'together', 'simultaneously']",[],66,Relation
"It was Taylor Cruz’s voice, laced with an edge that demanded attention.","Alex flickered a strained smile, still thumbing his folder's corner.",because,"['due to', 'on account of', 'thanks to', 'owing to', 'as a result of']",[],67,Relation
"Alex flickered a strained smile, still thumbing his folder's corner.","'Of course not, Agent Cruz. Just trying to soak in all the details.'",because,"['due to', 'on account of', 'thanks to', 'owing to', 'as a result of']",[],68,Relation
"Jordan Hayes, perched on the opposite side of the table, narrowed their eyes but offered a supportive nod.","'Details are imperative. We’ll need your clear-headedness down there, Mercer.'",because,"['due to', 'on account of', 'thanks to', 'owing to', 'as a result of']",[],69,Relation
"A comfortable silence, the kind that threaded between veterans of shared secrets, lingered briefly before Sam Rivera, never one to submit to quiet, added,","'I’ve combed through the last transmission logs. If anyone can make sense of the anomalies, it’s going to be the two of you.'",before,"['precede', 'antecedent', 'come first', 'prior to', 'lead']",[],70,Relation
Taylor snorted dismissively.,"The words 'counter-productive' seemed to hang in the air, a tacit reprimand directed at Alex.",because,"['due to', 'on account of', 'thanks to', 'owing to', 'as a result of']",[],71,Relation
"Feeling the weight of his compliance conflicting with his natural inclination to leave no stone unturned, Alex straightened in his seat.","'I agree, Agent Cruz. Protocol is paramount,' he said, meeting Taylor's steely gaze.",because,"['due to', 'on account of', 'thanks to', 'owing to', 'as a result of']",[],72,Relation
"Jordan Hayes, perched on the opposite side of the table, narrowed their eyes but offered a supportive nod.","As everyone began to collect their binders and prepare for departure, a quiet resolve took form within Alex, galvanized by the groundwork laid by their interactions.",because,"['due to', 'on account of', 'thanks to', 'owing to', 'as a result of']",[],73,Relation
"He may have spoken in compliance, but his determination had merely taken a subtler form — one that wouldn't surrender so easily to the forthcoming shadows.","Feeling the weight of his compliance conflicting with his natural inclination to leave no stone unturned, Alex straightened in his seat.",as a result,"['aftermath', 'outcome', 'result', 'consequence', 'effect']",[],74,Relation
Agent Alex Mercer seemed dwarfed by the enormity of the sterile briefing room where Paranormal Military Squad's elite convened.,Agent Alex Mercer,is participated by,"['is part of', 'is represented by', 'is included in', 'involves', 'acted by']",[],75,Relation
Agent Alex Mercer seemed dwarfed by the enormity of the sterile briefing room where Paranormal Military Squad's elite convened.,Paranormal Military Squad's elite,is participated by,"['is part of', 'is represented by', 'is included in', 'involves', 'acted by']",[],76,Relation
Taylor Cruz asked Agent Mercer if he was having second thoughts.,Taylor Cruz,is participated by,"['is part of', 'is represented by', 'is included in', 'involves', 'acted by']",[],77,Relation
Taylor Cruz asked Agent Mercer if he was having second thoughts.,Agent Alex Mercer,is participated by,"['is part of', 'is represented by', 'is included in', 'involves', 'acted by']",[],78,Relation
Alex flickered a strained smile and replied that he was not having second thoughts.,Agent Alex Mercer,is participated by,"['is part of', 'is represented by', 'is included in', 'involves', 'acted by']",[],79,Relation
Jordan Hayes offered a supportive nod to Alex.,Jordan Hayes,is participated by,"['is part of', 'is represented by', 'is included in', 'involves', 'acted by']",[],80,Relation
Jordan Hayes offered a supportive nod to Alex.,Agent Alex Mercer,is participated by,"['is part of', 'is represented by', 'is included in', 'involves', 'acted by']",[],81,Relation
Sam Rivera added that Alex and Jordan were going to make sense of the anomalies.,Sam Rivera,is participated by,"['is part of', 'is represented by', 'is included in', 'involves', 'acted by']",[],82,Relation
Sam Rivera added that Alex and Jordan were going to make sense of the anomalies.,Agent Alex Mercer,is participated by,"['is part of', 'is represented by', 'is included in', 'involves', 'acted by']",[],83,Relation
Sam Rivera added that Alex and Jordan were going to make sense of the anomalies.,Jordan Hayes,is participated by,"['is part of', 'is represented by', 'is included in', 'involves', 'acted by']",[],84,Relation
Taylor Cruz reprimanded the team for speculation.,Taylor Cruz,is participated by,"['is part of', 'is represented by', 'is included in', 'involves', 'acted by']",[],85,Relation
Alex agreed with Taylor Cruz that protocol was paramount.,Agent Alex Mercer,is participated by,"['is part of', 'is represented by', 'is included in', 'involves', 'acted by']",[],86,Relation
Alex agreed with Taylor Cruz that protocol was paramount.,Taylor Cruz,is participated by,"['is part of', 'is represented by', 'is included in', 'involves', 'acted by']",[],87,Relation
Jordan Hayes showed understanding of Alex's struggle with compliance.,Jordan Hayes,is participated by,"['is part of', 'is represented by', 'is included in', 'involves', 'acted by']",[],88,Relation
Jordan Hayes showed understanding of Alex's struggle with compliance.,Agent Alex Mercer,is participated by,"['is part of', 'is represented by', 'is included in', 'involves', 'acted by']",[],89,Relation
The team began to collect their binders and prepare for departure.,Paranormal Military Squad's elite,is participated by,"['is part of', 'is represented by', 'is included in', 'involves', 'acted by']",[],90,Relation
Sam Rivera,office,sat,"['occupied', 'rested', 'settled', 'filled']",[],91,Relation
Sam Rivera,servers,worked,"['labor', 'cooperate', 'collaborate']",[],92,Relation
Sam Rivera,comm signals,intercepted,"['block', 'cut off', 'stop', 'interrupt', 'seize']",[],93,Relation
Sam Rivera,data,hungered,"['craved', 'pined', 'desired', 'longed', 'yearned']",[],94,Relation
Alex Mercer,office,arrived,"['show up', 'got to', 'reached', 'come in', 'land']",[],95,Relation
Alex Mercer,workspace,loomed,"['overshadow', 'darken', 'loom large', 'cast a shadow']",[],96,Relation
Alex Mercer,neck,craned,"['pull up', 'lift', 'hoist']",[],97,Relation
Alex Mercer,brow,met,"['collided with', 'ran into', 'bumped into', 'crossed paths with', 'encountered']",[],98,Relation
Alex Mercer,words,hesitated,"['hesitated', 'wavered', 'faltered', 'vacillated', 'dithered']",[],99,Relation
Alex Mercer,words,weighed,"['evaluated', 'measured', 'considered', 'assessed', 'weighed']",[],100,Relation
Alex Mercer,digital haze,pierced,"['poked', 'broken through', 'penetrated', 'stuck', 'breached']",[],101,Relation
Sam Rivera,Alex Mercer,regarded,"['seen as', 'taken to be', 'considered to be', 'perceived as', 'viewed as']",[],102,Relation
Sam Rivera,intuition,mirrored,"['echo', 'copy', 'replicate', 'duplicate', 'reflect']",[],103,Relation
Sam Rivera,screens,drifted,"['changed direction', 'separated', 'wandered', 'lost course', 'shifted', 'moved', 'floated', 'drifted away']",[],104,Relation
Alex Mercer,elevator,stood,"['persisted', 'continued', 'remained', 'stood', 'endured']",[],105,Relation
Jordan Hayes,Mercer,remarked,"['mentioned', 'observed', 'commented', 'noted']",[],106,Relation
Jordan Hayes,Mercer,approached,"['came close', 'got close to', 'reached out to', 'drew near', 'neared']",[],107,Relation
"Sam Rivera sat alone in a cramped office, the hum of a dozen servers murmuring a digital lullaby in the background.","The stillness of the room broke with the unexpected arrival of Alex Mercer, whose encroaching shadow loomed over Sam's workspace.",before,"['precede', 'antecedent', 'come first', 'prior to', 'lead']",[],108,Relation
"Sam Rivera sat alone in a cramped office, the hum of a dozen servers murmuring a digital lullaby in the background.","Surrounded by the glow of multiple screens, their eyes danced across lines of code and intercepted comm signals from Dulce — a kaleidoscope of data that their curious and isolated mind hungered to decrypt.",at the same time,"['in tandem', 'at once', 'concurrently', 'together', 'simultaneously']",[],109,Relation
"To an outsider, it might have looked like obsession, this fervent quest for answers.","Sam, it was a dance — a give and take with the mysteries of the universe.",because,"['due to', 'on account of', 'thanks to', 'owing to', 'as a result of']",[],110,Relation
"The stillness of the room broke with the unexpected arrival of Alex Mercer, whose encroaching shadow loomed over Sam's workspace.","Alex Mercer, whose encroaching shadow loomed over Sam's workspace.",because,"['due to', 'on account of', 'thanks to', 'owing to', 'as a result of']",[],111,Relation
"The stillness of the room broke with the unexpected arrival of Alex Mercer, whose encroaching shadow loomed over Sam's workspace.","Their fingers paused over the keyboard as they leaned back in the chair, whispering to thin air, 'What secrets are you hiding from us?'",after,"['come next', 'ensue', 'follow', 'follow up', 'succeed']",[],112,Relation
"Alex hesitated, weighing his words carefully.","The cybersecurity expert craned their neck upwards, met by the ever-so-slight furrow in Alex's brow.",because,"['due to', 'on account of', 'thanks to', 'owing to', 'as a result of']",[],113,Relation
"Alex hesitated, weighing his words carefully.","'Our tech is top-tier, but the silence from Dulce... It's not just technology that will see us through, it's intuition and... trust.'",because,"['due to', 'on account of', 'thanks to', 'owing to', 'as a result of']",[],114,Relation
"Alex hesitated, weighing his words carefully.","His gaze pierced through the digital haze, trying to instill something more profound than advice.",as a result,"['aftermath', 'outcome', 'result', 'consequence', 'effect']",[],115,Relation
"Sam regarded Alex for a moment, the sincerity in his voice resonating with their own unspoken desire to prove their worth.",The sincerity in his voice resonating with their own unspoken desire to prove their worth.,because,"['due to', 'on account of', 'thanks to', 'owing to', 'as a result of']",[],116,Relation
"As Alex turned to leave, Sam's eyes drifted back to the screens, now seeing them not as barriers to isolate behind, but as windows into the vast and enigmatic challenge that awaited their team.","Their shared silence held a newfound understanding, a recognition that between the ones and zeros, it was their combined human insights that might prevail against the impossible.",after,"['come next', 'ensue', 'follow', 'follow up', 'succeed']",[],117,Relation
"Outside the office, the persistent buzz of activity in the facility belied the unease that gripped its inhabitants.","A restlessness that nibbled on the edges of reality, as though forewarning of the threshold they were soon to cross — from the known into the realm of cosmic secrets and silent threats.",at the same time,"['in tandem', 'at once', 'concurrently', 'together', 'simultaneously']",[],118,Relation
"Shadows played against the walls of the cramped underground meeting room, where Alex Mercer stood gazing at the concealed elevator that would deliver them into the bowels of Dulce base.","The air was thick, every breath laced with the weight of impending confrontation, the kind one feels when stepping into a legend.",at the same time,"['in tandem', 'at once', 'concurrently', 'together', 'simultaneously']",[],119,Relation
Alex Mercer stood gazing at the concealed elevator that would deliver them into the bowels of Dulce base.,"Jordan Hayes remarked, approaching Mercer.",before,"['precede', 'antecedent', 'come first', 'prior to', 'lead']",[],120,Relation
"Sam Rivera sat alone in a cramped office, the hum of a dozen servers murmuring a digital lullaby in the background.",Sam Rivera,is participated by,"['is part of', 'is represented by', 'is included in', 'involves', 'acted by']",[],121,Relation
"Surrounded by the glow of multiple screens, their eyes danced across lines of code and intercepted comm signals from Dulce — a kaleidoscope of data that their curious and isolated mind hungered to decrypt.",Sam Rivera,is participated by,"['is part of', 'is represented by', 'is included in', 'involves', 'acted by']",[],122,Relation
"Surrounded by the glow of multiple screens, their eyes danced across lines of code and intercepted comm signals from Dulce — a kaleidoscope of data that their curious and isolated mind hungered to decrypt.",Dulce,is participated by,"['is part of', 'is represented by', 'is included in', 'involves', 'acted by']",[],123,Relation
"The stillness of the room broke with the unexpected arrival of Alex Mercer, whose encroaching shadow loomed over Sam's workspace.",Alex Mercer,is participated by,"['is part of', 'is represented by', 'is included in', 'involves', 'acted by']",[],124,Relation
"The stillness of the room broke with the unexpected arrival of Alex Mercer, whose encroaching shadow loomed over Sam's workspace.",Sam Rivera,is participated by,"['is part of', 'is represented by', 'is included in', 'involves', 'acted by']",[],125,Relation
"Alex hesitated, weighing his words carefully. 'Our tech is top-tier, but the silence from Dulce... It's not just technology that will see us through, it's intuition and... trust.'",Alex Mercer,is participated by,"['is part of', 'is represented by', 'is included in', 'involves', 'acted by']",[],126,Relation
"Alex hesitated, weighing his words carefully. 'Our tech is top-tier, but the silence from Dulce... It's not just technology that will see us through, it's intuition and... trust.'",Dulce,is participated by,"['is part of', 'is represented by', 'is included in', 'involves', 'acted by']",[],127,Relation
"Their shared silence held a newfound understanding, a recognition that between the ones and zeros, it was their combined human insights that might prevail against the impossible.",Sam Rivera,is participated by,"['is part of', 'is represented by', 'is included in', 'involves', 'acted by']",[],128,Relation
"Their shared silence held a newfound understanding, a recognition that between the ones and zeros, it was their combined human insights that might prevail against the impossible.",Alex Mercer,is participated by,"['is part of', 'is represented by', 'is included in', 'involves', 'acted by']",[],129,Relation
"As Alex turned to leave, Sam's eyes drifted back to the screens, now seeing them not as barriers to isolate behind, but as windows into the vast and enigmatic challenge that awaited their team.",Sam Rivera,is participated by,"['is part of', 'is represented by', 'is included in', 'involves', 'acted by']",[],130,Relation
"As Alex turned to leave, Sam's eyes drifted back to the screens, now seeing them not as barriers to isolate behind, but as windows into the vast and enigmatic challenge that awaited their team.",Alex Mercer,is participated by,"['is part of', 'is represented by', 'is included in', 'involves', 'acted by']",[],131,Relation
"Outside the office, the persistent buzz of activity in the facility belied the unease that gripped its inhabitants.",facility inhabitants,is participated by,"['is part of', 'is represented by', 'is included in', 'involves', 'acted by']",[],132,Relation
"Shadows played against the walls of the cramped underground meeting room, where Alex Mercer stood gazing at the concealed elevator that would deliver them into the bowels of Dulce base.",Alex Mercer,is participated by,"['is part of', 'is represented by', 'is included in', 'involves', 'acted by']",[],133,Relation
"Shadows played against the walls of the cramped underground meeting room, where Alex Mercer stood gazing at the concealed elevator that would deliver them into the bowels of Dulce base.",Dulce base,is participated by,"['is part of', 'is represented by', 'is included in', 'involves', 'acted by']",[],134,Relation
"The air was thick, every breath laced with the weight of impending confrontation, the kind one feels when stepping into a legend.",Alex Mercer,is participated by,"['is part of', 'is represented by', 'is included in', 'involves', 'acted by']",[],135,Relation
"The air was thick, every breath laced with the weight of impending confrontation, the kind one feels when stepping into a legend.",Dulce base,is participated by,"['is part of', 'is represented by', 'is included in', 'involves', 'acted by']",[],136,Relation
"'I know what you're thinking,' Jordan Hayes remarked, approaching Mercer. Their voice was low, a blend of confidence and hidden apprehension.",Jordan Hayes,is participated by,"['is part of', 'is represented by', 'is included in', 'involves', 'acted by']",[],137,Relation
"'I know what you're thinking,' Jordan Hayes remarked, approaching Mercer. Their voice was low, a blend of confidence and hidden apprehension.",Alex Mercer,is participated by,"['is part of', 'is represented by', 'is included in', 'involves', 'acted by']",[],138,Relation
Alex,features,turned,"['transformed', 'converted', 'altered', 'changed']",[],139,Relation
features,mask,became,"['transformed into', 'changed into', 'evolved into', 'became', 'turned into']",[],140,Relation
Alex,mission,said,"['uttered', 'expressed', 'stated', 'mentioned', 'spoke']",[],141,Relation
mission,pawns,felt,"['felt', 'experienced', 'sensed', 'perceived', 'understood']",[],142,Relation
Jordan,mind,nodded,"['confirmed', 'signaled', 'acknowledged', 'consented', 'agreed']",[],143,Relation
mind,dynamics,collided,"['impact', 'bump', 'collide', 'crash', 'smash']",[],144,Relation
Taylor,exchange,interrupted,"['cut off', 'halted', 'broken', 'paused', 'stopped']",[],145,Relation
Alex,Cruz,responded,"['answer', 'respond', 'reply', 'react', 'reply to', 'react to']",[],146,Relation
Cruz,exchange,stepped,"['proceeded', 'walked', 'advanced', 'stepped', 'moved']",[],147,Relation
Alex,rifle,gripped,"['seized', 'held', 'clutched', 'grasped']",[],148,Relation
Sam,luck,spoke,"['say', 'express', 'communicate', 'talk', 'utter']",[],149,Relation
luck,help,seemed,"['gave impression', 'showed itself', 'appeared', 'presented itself', 'seemed', 'looked']",[],150,Relation
Jordan,data,mused,"['pontified', 'reflected', 'ruminated']",[],151,Relation
data,below,waited,"['hold back', 'tarry', 'pause', 'linger', 'delay']",[],152,Relation
Alex,Jordan,whispered,"['speak softly', 'whisper', 'mumble', 'speak quietly', 'murmur']",[],153,Relation
Jordan,compliment,acknowledged,"['confessed', 'acknowledged', 'admitted', 'recognized', 'accepted']",[],154,Relation
"Alex turned, his features a mask of uneasy resolve.","'It's like we're being pulled into someone else’s game. Not just observers or participants, but... pawns.'",because,"['due to', 'on account of', 'thanks to', 'owing to', 'as a result of']",[],155,Relation
"'It's like we're being pulled into someone else’s game. Not just observers or participants, but... pawns.'","Jordan gave a short nod, their analytical mind colliding with the uncertain dynamics of this operation.",because,"['due to', 'on account of', 'thanks to', 'owing to', 'as a result of']",[],156,Relation
"Jordan gave a short nod, their analytical mind colliding with the uncertain dynamics of this operation.","'I've felt that way since the briefing. Like there's a layer we’re not seeing. And yet, we have no choice but to play along.'",and,"['connect', 'combine', 'link']",[],157,Relation
"'You two need to cut the philosophical chatter. We have positions to secure,' Taylor Cruz interjected sharply, stepping into their exchange.","Alex's response was measured, more assertive than moments ago.",after,"['come next', 'ensue', 'follow', 'follow up', 'succeed']",[],158,Relation
"Alex's response was measured, more assertive than moments ago.","'Acknowledged, Agent Cruz,' he replied, his voice steadier, mirroring the transformation brewing within.",because,"['due to', 'on account of', 'thanks to', 'owing to', 'as a result of']",[],159,Relation
"'You two need to cut the philosophical chatter. We have positions to secure,' Taylor Cruz interjected sharply, stepping into their exchange.","Sam Rivera piped in with a tone of balanced levity, 'Hope everyone’s brought their good luck charms. Something tells me we’re going to need all the help we can get.'",at the same time,"['in tandem', 'at once', 'concurrently', 'together', 'simultaneously']",[],160,Relation
"As they congregated at the elevator, a tension palpable, Sam Rivera piped in with a tone of balanced levity, 'Hope everyone’s brought their good luck charms. Something tells me we’re going to need all the help we can get.'","Their laughter served as a brief respite from the gravity of their mission, a shared moment that reinforced their common humanity amidst the unknowable.",as a result,"['aftermath', 'outcome', 'result', 'consequence', 'effect']",[],161,Relation
"As they congregated at the elevator, a tension palpable, Sam Rivera piped in with a tone of balanced levity, 'Hope everyone’s brought their good luck charms. Something tells me we’re going to need all the help we can get.'","The team was descending into the earth, carrying with them not only the weight of their equipment but also the silent pressure of the invisible war they were about to fight—a war that seemed to edge away from physicality and into the unnervingly psychological.",at the same time,"['in tandem', 'at once', 'concurrently', 'together', 'simultaneously']",[],162,Relation
"As they descended, Dr. Jordan Hayes couldn't help but muse over the layers of data that could wait below, now almost longing for the comfort of empirical evidence.","To think that this reluctance to accept other possibilities may have been my biggest blind spot, Jordan contemplated, feeling the hard shell of skepticism begin to crack.",because,"['due to', 'on account of', 'thanks to', 'owing to', 'as a result of']",[],163,Relation
"Alex caught Jordan's reflective gaze and leaned in, his voice barely a murmur over the hum of the elevator.","Once we're down there, keep that analytical edge sharp. You see through the mazes of the unexplained better than anyone.",because,"['due to', 'on account of', 'thanks to', 'owing to', 'as a result of']",[],164,Relation
"Alex caught Jordan's reflective gaze and leaned in, his voice barely a murmur over the hum of the elevator.","Jordan said, the words carrying a trace of newfound assertiveness.",as a result,"['aftermath', 'outcome', 'result', 'consequence', 'effect']",[],165,Relation
"Alex turned, his features a mask of uneasy resolve.",Alex,is participated by,"['is part of', 'is represented by', 'is included in', 'involves', 'acted by']",[],166,Relation
"Jordan gave a short nod, their analytical mind colliding with the uncertain dynamics of this operation.",Jordan,is participated by,"['is part of', 'is represented by', 'is included in', 'involves', 'acted by']",[],167,Relation
"Their eyes locked with Alex's, silently exchanging a vow to remain vigilant.",Alex,is participated by,"['is part of', 'is represented by', 'is included in', 'involves', 'acted by']",[],168,Relation
"Their eyes locked with Alex's, silently exchanging a vow to remain vigilant.",Jordan,is participated by,"['is part of', 'is represented by', 'is included in', 'involves', 'acted by']",[],169,Relation
"Taylor Cruz interjected sharply, stepping into their exchange.",Taylor Cruz,is participated by,"['is part of', 'is represented by', 'is included in', 'involves', 'acted by']",[],170,Relation
"Alex's response was measured, more assertive than moments ago.",Alex,is participated by,"['is part of', 'is represented by', 'is included in', 'involves', 'acted by']",[],171,Relation
"Sam Rivera piped in with a tone of balanced levity, 'Hope everyone’s brought their good luck charms.'",Sam Rivera,is participated by,"['is part of', 'is represented by', 'is included in', 'involves', 'acted by']",[],172,Relation
Their laughter served as a brief respite from the gravity of their mission.,Alex,is participated by,"['is part of', 'is represented by', 'is included in', 'involves', 'acted by']",[],173,Relation
Their laughter served as a brief respite from the gravity of their mission.,Jordan,is participated by,"['is part of', 'is represented by', 'is included in', 'involves', 'acted by']",[],174,Relation
Their laughter served as a brief respite from the gravity of their mission.,Taylor Cruz,is participated by,"['is part of', 'is represented by', 'is included in', 'involves', 'acted by']",[],175,Relation
Their laughter served as a brief respite from the gravity of their mission.,Sam Rivera,is participated by,"['is part of', 'is represented by', 'is included in', 'involves', 'acted by']",[],176,Relation
"The team was descending into the earth, carrying with them not only the weight of their equipment but also the silent pressure of the invisible war they were about to fight—a war that seemed to edge away from physicality and into the unnervingly psychological.",Alex,is participated by,"['is part of', 'is represented by', 'is included in', 'involves', 'acted by']",[],177,Relation
"The team was descending into the earth, carrying with them not only the weight of their equipment but also the silent pressure of the invisible war they were about to fight—a war that seemed to edge away from physicality and into the unnervingly psychological.",Jordan,is participated by,"['is part of', 'is represented by', 'is included in', 'involves', 'acted by']",[],178,Relation
"The team was descending into the earth, carrying with them not only the weight of their equipment but also the silent pressure of the invisible war they were about to fight—a war that seemed to edge away from physicality and into the unnervingly psychological.",Taylor Cruz,is participated by,"['is part of', 'is represented by', 'is included in', 'involves', 'acted by']",[],179,Relation
"The team was descending into the earth, carrying with them not only the weight of their equipment but also the silent pressure of the invisible war they were about to fight—a war that seemed to edge away from physicality and into the unnervingly psychological.",Sam Rivera,is participated by,"['is part of', 'is represented by', 'is included in', 'involves', 'acted by']",[],180,Relation
Dr. Jordan Hayes couldn't help but muse over the layers of data that could wait below.,Dr. Jordan Hayes,is participated by,"['is part of', 'is represented by', 'is included in', 'involves', 'acted by']",[],181,Relation
"Alex caught Jordan's reflective gaze and leaned in, his voice barely a murmur over the hum of the elevator.",Alex,is participated by,"['is part of', 'is represented by', 'is included in', 'involves', 'acted by']",[],182,Relation
"Alex caught Jordan's reflective gaze and leaned in, his voice barely a murmur over the hum of the elevator.",Dr. Jordan Hayes,is participated by,"['is part of', 'is represented by', 'is included in', 'involves', 'acted by']",[],183,Relation
The compliment was unexpected and weighed differently than praise from others.,Alex,is participated by,"['is part of', 'is represented by', 'is included in', 'involves', 'acted by']",[],184,Relation
The compliment was unexpected and weighed differently than praise from others.,Dr. Jordan Hayes,is participated by,"['is part of', 'is represented by', 'is included in', 'involves', 'acted by']",[],185,Relation
elevator,shudder,ran,"['run', 'sprint', 'speed', 'accelerate', 'dash']",[],186,Relation
Cruz,expression,reacted,"['retaliate', 'reply', 'reacted to', 'answer back', 'respond to', 'acted', 'responded', 'counteract']",[],187,Relation
Cruz,command,barked,"['give warning', 'vocalize', 'make noise', 'sound off']",[],188,Relation
agents,gear,checked,"['reviewed', 'verified', 'tested', 'examined', 'inspected']",[],189,Relation
Sam,voice,crackled,"['emitted a noise', 'made a sound', 'produced a crackle']",[],190,Relation
Sam,Martians,laughed,"['burst out laughing', 'guffaw', 'smile', 'chuckle', 'snicker']",[],191,Relation
team,threshold,stepped,"['proceeded', 'walked', 'advanced', 'stepped', 'moved']",[],192,Relation
team,Dulce,advanced,"['improved', 'progressed', 'developed', 'enhanced']",[],193,Relation
door,hallway,closed,"['ended', 'finished', 'sealed', 'locked', 'shut']",[],194,Relation
Agents,altar,proceeded,"['followed', 'occurred', 'ensued', 'led to', 'happened']",[],195,Relation
Cruz,pace,set,"['establish', 'constitute', 'create', 'define', 'form']",[],196,Relation
Sam,device,offered,"['provided', 'given', 'presented', 'supplied', 'donated']",[],197,Relation
"A shudder ran through the elevator, subtle, but enough to make them instinctively hold their breaths.",It wasn't the mechanical stutter of old gears but a vibration that seemed to emanate from the very walls of the shaft—a whisper of something that defied natural explanation.,because,"['due to', 'on account of', 'thanks to', 'owing to', 'as a result of']",[],198,Relation
It wasn't the mechanical stutter of old gears but a vibration that seemed to emanate from the very walls of the shaft—a whisper of something that defied natural explanation.,"Cruz was the first to react, all business despite the shadow that crossed their expression.",before,"['precede', 'antecedent', 'come first', 'prior to', 'lead']",[],199,Relation
"Cruz was the first to react, all business despite the shadow that crossed their expression.","They barked out, 'Systems check. Now,' masking the moment of disquiet with swift command.",at the same time,"['in tandem', 'at once', 'concurrently', 'together', 'simultaneously']",[],200,Relation
"Every agent checked their gear, sending confirmation signals through their comms, creating a chorus of electronic beeps that promised readiness.","But there was an unspoken question among them: was their technology, their weaponry, their protocols sufficient for what awaited them or merely a fragile comfort?",as a result,"['aftermath', 'outcome', 'result', 'consequence', 'effect']",[],201,Relation
"Sam's voice crackled through, only half-jest, 'I'd laugh if we run into Martians playing poker down there—just to lighten the mood, you know?'","Despite—or perhaps because of—the oddity of the moment, this elicited a round of chuckles, an audible release of tension that ran counterpoint to the undercurrent of anxiety coursing through the team.",after,"['come next', 'ensue', 'follow', 'follow up', 'succeed']",[],202,Relation
"The elevator came to a halting, eerie calm at the sub-level.","The group stepped off, finding themselves at the threshold of Dulce's mysterious halls.",before,"['precede', 'antecedent', 'come first', 'prior to', 'lead']",[],203,Relation
"They stood in a tight pack, sharing a cautious glance before fanning out into the unknown, each one acutely aware that the truth was inevitably intertwined with danger.","Into the depths of Dulce, the team advanced, their silence now a shared testament to the camaraderie born of facing the abyss together—and the steel resolve to uncover whatever horrors lay hidden in its shadows.",at the same time,"['in tandem', 'at once', 'concurrently', 'together', 'simultaneously']",[],204,Relation
"The weight of the thick metal door closing behind them reverberated through the concrete hallway, marking the final threshold between the familiar world above and the strangeness that lay beneath.","Dulce base, a name that had been whispered in the wind-blown deserts above and in the shadowed corners of conspiracy forums, now a tangible cold reality that they could touch — and that touched them back with a chill.",because,"['due to', 'on account of', 'thanks to', 'owing to', 'as a result of']",[],205,Relation
"Taylor Cruz, stepping firmly into the role of de facto leader, set a brisk pace.","Eyes sharp, people. Comms check, every thirty seconds,' Taylor ordered, their voice echoing slightly before being swallowed by the surrounding silence.",at the same time,"['in tandem', 'at once', 'concurrently', 'together', 'simultaneously']",[],206,Relation
"exchange was cut short by a shudder that ran through the elevator, subtle, but enough to make them instinctively hold their breaths.",Agents,is participated by,"['is part of', 'is represented by', 'is included in', 'involves', 'acted by']",[],207,Relation
"exchange was cut short by a shudder that ran through the elevator, subtle, but enough to make them instinctively hold their breaths.",the elevator,is participated by,"['is part of', 'is represented by', 'is included in', 'involves', 'acted by']",[],208,Relation
"Cruz was the first to react, all business despite the shadow that crossed their expression. 'Systems check. Now,' they barked out, masking the moment of disquiet with swift command.",Cruz,is participated by,"['is part of', 'is represented by', 'is included in', 'involves', 'acted by']",[],209,Relation
"Cruz was the first to react, all business despite the shadow that crossed their expression. 'Systems check. Now,' they barked out, masking the moment of disquiet with swift command.",the agents,is participated by,"['is part of', 'is represented by', 'is included in', 'involves', 'acted by']",[],210,Relation
"Every agent checked their gear, sending confirmation signals through their comms, creating a chorus of electronic beeps that promised readiness.",the agents,is participated by,"['is part of', 'is represented by', 'is included in', 'involves', 'acted by']",[],211,Relation
"Every agent checked their gear, sending confirmation signals through their comms, creating a chorus of electronic beeps that promised readiness.",their gear,is participated by,"['is part of', 'is represented by', 'is included in', 'involves', 'acted by']",[],212,Relation
"Every agent checked their gear, sending confirmation signals through their comms, creating a chorus of electronic beeps that promised readiness.",their comms,is participated by,"['is part of', 'is represented by', 'is included in', 'involves', 'acted by']",[],213,Relation
"But there was an unspoken question among them: was their technology, their weaponry, their protocols sufficient for what awaited them or merely a fragile comfort?",the agents,is participated by,"['is part of', 'is represented by', 'is included in', 'involves', 'acted by']",[],214,Relation
"Sam's voice crackled through, only half-jest. 'I'd laugh if we run into Martians playing poker down there—just to lighten the mood, you know?'",Sam,is participated by,"['is part of', 'is represented by', 'is included in', 'involves', 'acted by']",[],215,Relation
"Sam's voice crackled through, only half-jest. 'I'd laugh if we run into Martians playing poker down there—just to lighten the mood, you know?'",the agents,is participated by,"['is part of', 'is represented by', 'is included in', 'involves', 'acted by']",[],216,Relation
"Despite—or perhaps because of—the oddity of the moment, this elicited a round of chuckles, an audible release of tension that ran counterpoint to the undercurrent of anxiety coursing through the team.",the agents,is participated by,"['is part of', 'is represented by', 'is included in', 'involves', 'acted by']",[],217,Relation
"As the elevator came to a halting, eerie calm at the sub-level, the group stepped off, finding themselves at the threshold of Dulce's mysterious halls.",the group,is participated by,"['is part of', 'is represented by', 'is included in', 'involves', 'acted by']",[],218,Relation
"As the elevator came to a halting, eerie calm at the sub-level, the group stepped off, finding themselves at the threshold of Dulce's mysterious halls.",Dulce's mysterious halls,is participated by,"['is part of', 'is represented by', 'is included in', 'involves', 'acted by']",[],219,Relation
"They stood in a tight pack, sharing a cautious glance before fanning out into the unknown, each one acutely aware that the truth was inevitably intertwined with danger.",the group,is participated by,"['is part of', 'is represented by', 'is included in', 'involves', 'acted by']",[],220,Relation
"Into the depths of Dulce, the team advanced, their silence now a shared testament to the camaraderie born of facing the abyss together—and the steel resolve to uncover whatever horrors lay hidden in its shadows.",the team,is participated by,"['is part of', 'is represented by', 'is included in', 'involves', 'acted by']",[],221,Relation
"Into the depths of Dulce, the team advanced, their silence now a shared testament to the camaraderie born of facing the abyss together—and the steel resolve to uncover whatever horrors lay hidden in its shadows.",Dulce,is participated by,"['is part of', 'is represented by', 'is included in', 'involves', 'acted by']",[],222,Relation
"The weight of the thick metal door closing behind them reverberated through the concrete hallway, marking the final threshold between the familiar world above and the strangeness that lay beneath.",the team,is participated by,"['is part of', 'is represented by', 'is included in', 'involves', 'acted by']",[],223,Relation
"The weight of the thick metal door closing behind them reverberated through the concrete hallway, marking the final threshold between the familiar world above and the strangeness that lay beneath.",the thick metal door,is participated by,"['is part of', 'is represented by', 'is included in', 'involves', 'acted by']",[],224,Relation
"The weight of the thick metal door closing behind them reverberated through the concrete hallway, marking the final threshold between the familiar world above and the strangeness that lay beneath.",the concrete hallway,is participated by,"['is part of', 'is represented by', 'is included in', 'involves', 'acted by']",[],225,Relation
"Dulce base, a name that had been whispered in the wind-blown deserts above and in the shadowed corners of conspiracy forums, now a tangible cold reality that they could touch — and that touched them back with a chill.",Dulce base,is participated by,"['is part of', 'is represented by', 'is included in', 'involves', 'acted by']",[],226,Relation
"Dulce base, a name that had been whispered in the wind-blown deserts above and in the shadowed corners of conspiracy forums, now a tangible cold reality that they could touch — and that touched them back with a chill.",the team,is participated by,"['is part of', 'is represented by', 'is included in', 'involves', 'acted by']",[],227,Relation
"Like lambs led to an altar of alien deities, so did Agents Alex Mercer, Jordan Hayes, Taylor Cruz, and Sam Rivera proceed, their movements measured, their senses heightened.",Agents Alex Mercer,is participated by,"['is part of', 'is represented by', 'is included in', 'involves', 'acted by']",[],228,Relation
"Like lambs led to an altar of alien deities, so did Agents Alex Mercer, Jordan Hayes, Taylor Cruz, and Sam Rivera proceed, their movements measured, their senses heightened.",Jordan Hayes,is participated by,"['is part of', 'is represented by', 'is included in', 'involves', 'acted by']",[],229,Relation
"Like lambs led to an altar of alien deities, so did Agents Alex Mercer, Jordan Hayes, Taylor Cruz, and Sam Rivera proceed, their movements measured, their senses heightened.",Taylor Cruz,is participated by,"['is part of', 'is represented by', 'is included in', 'involves', 'acted by']",[],230,Relation
"Like lambs led to an altar of alien deities, so did Agents Alex Mercer, Jordan Hayes, Taylor Cruz, and Sam Rivera proceed, their movements measured, their senses heightened.",Sam Rivera,is participated by,"['is part of', 'is represented by', 'is included in', 'involves', 'acted by']",[],231,Relation
"The air was still, almost respectful of the gravity of their presence.",the team,is participated by,"['is part of', 'is represented by', 'is included in', 'involves', 'acted by']",[],232,Relation
"Their torch beams sliced through the darkness, uncovering steel doors with warnings that spoke of top secrets and mortal dangers.",the team,is participated by,"['is part of', 'is represented by', 'is included in', 'involves', 'acted by']",[],233,Relation
"Their torch beams sliced through the darkness, uncovering steel doors with warnings that spoke of top secrets and mortal dangers.",the steel doors,is participated by,"['is part of', 'is represented by', 'is included in', 'involves', 'acted by']",[],234,Relation
"Taylor Cruz, stepping firmly into the role of de facto leader, set a brisk pace. 'Eyes sharp, people. Comms check, every thirty seconds,' Taylor ordered, their voice echoing slightly before being swallowed by the surrounding silence.",Taylor Cruz,is participated by,"['is part of', 'is represented by', 'is included in', 'involves', 'acted by']",[],235,Relation
"Taylor Cruz, stepping firmly into the role of de facto leader, set a brisk pace. 'Eyes sharp, people. Comms check, every thirty seconds,' Taylor ordered, their voice echoing slightly before being swallowed by the surrounding silence.",the team,is participated by,"['is part of', 'is represented by', 'is included in', 'involves', 'acted by']",[],236,Relation
"Sam, fiddling with a handheld device aimed at detecting electronic anomalies, offered a murmured 'Copy that,'",Sam,is participated by,"['is part of', 'is represented by', 'is included in', 'involves', 'acted by']",[],237,Relation
"Sam, fiddling with a handheld device aimed at detecting electronic anomalies, offered a murmured 'Copy that,'",the team,is participated by,"['is part of', 'is represented by', 'is included in', 'involves', 'acted by']",[],238,Relation
Jordan Hayes,panel,paused,"['interrupted', 'suspended', 'halted', 'ceased', 'stopped']",[],239,Relation
panel,base's infrastructure,appeared,"['appeared', 'came into view', 'emerged', 'showed up', 'popped up']",[],240,Relation
Jordan Hayes,significance,explained,"['described', 'made clear', 'illuminated', 'elaborated', 'clarified']",[],241,Relation
panel,something,covering,"['surround', 'enclose', 'shield', 'encompass', 'cover']",[],242,Relation
Sam,drone,reacted,"['retaliate', 'reply', 'reacted to', 'answer back', 'respond to', 'acted', 'responded', 'counteract']",[],243,Relation
drone,sensors,locked,"['secured', 'closed', 'sealed', 'locked', 'fastened']",[],244,Relation
Sam,drone,interfered,"['interrupt', 'meddle', 'intervene', 'obstruct', 'disturb']",[],245,Relation
Cruz,team,directed,"['commanded', 'led', 'guided', 'pointed', 'steered']",[],246,Relation
team,central hub,converged,"['come together', 'merge', 'unite']",[],247,Relation
central hub,imposing doors,stood,"['persisted', 'continued', 'remained', 'stood', 'endured']",[],248,Relation
doors,ajar,stood,"['persisted', 'continued', 'remained', 'stood', 'endured']",[],249,Relation
team,resolve,fortified,"['made stronger', 'strengthened', 'hardened', 'reinforced']",[],250,Relation
team,mainframe room,moved,"['relocated', 'changed place', 'shifted', 'moved to', 'changed location']",[],251,Relation
Their usual buoyancy dimmed by the oppressive atmosphere.,"It was Jordan Hayes who paused at an innocuous looking panel, nondescript amongst the gauntlet of secured doorways.",because,"['due to', 'on account of', 'thanks to', 'owing to', 'as a result of']",[],252,Relation
"Jordan Hayes who paused at an innocuous looking panel, nondescript amongst the gauntlet of secured doorways.","Mercer, Rivera, come see this,' Jordan’s voice was marked with a rare hint of urgency.",after,"['come next', 'ensue', 'follow', 'follow up', 'succeed']",[],253,Relation
"Alex joined Jordan's side, examining the panel which, at a mere glance, seemed just another part of the base's infrastructure.","Yet, to the trained eye, it appeared out of place—a facade",at the same time,"['in tandem', 'at once', 'concurrently', 'together', 'simultaneously']",[],254,Relation
"Jordan explained their reasoning as Sam approached, instinctively understanding the significance of what lay beneath, 'This panel is a recent addition — covering something they didn't want found.'","Before Alex could respond, the soft whir of an approaching drone cut through their muffled exchange.",because,"['due to', 'on account of', 'thanks to', 'owing to', 'as a result of']",[],255,Relation
"Before Alex could respond, the soft whir of an approaching drone cut through their muffled exchange.",Taylor had looped back upon hearing the commotion.,because,"['due to', 'on account of', 'thanks to', 'owing to', 'as a result of']",[],256,Relation
Taylor had looped back upon hearing the commotion.,"Cruz’s voice trailed off as the small airborne device came into view, its sensors locked onto the group.",before,"['precede', 'antecedent', 'come first', 'prior to', 'lead']",[],257,Relation
"Cruz’s voice trailed off as the small airborne device came into view, its sensors locked onto the group.","Sam was the first to react, their tech-savvy mind already steps ahead.",after,"['come next', 'ensue', 'follow', 'follow up', 'succeed']",[],258,Relation
"Sam was the first to react, their tech-savvy mind already steps ahead.","The drone lingered, its scan seeming more curious than hostile.",because,"['due to', 'on account of', 'thanks to', 'owing to', 'as a result of']",[],259,Relation
"The drone lingered, its scan seeming more curious than hostile.","The crew exhaled, a moment of collective relief palpable in the air.",as a result,"['aftermath', 'outcome', 'result', 'consequence', 'effect']",[],260,Relation
"Cruz squared their shoulders, clearly ruffled but not conceding any ground.","‘Move out,’ they directed, a hint more forceful than before.",after,"['come next', 'ensue', 'follow', 'follow up', 'succeed']",[],261,Relation
"The team pressed onward, the quiet now filled with the soft beeps of regular comms checks, their pace undeterred by the confrontation.","Yet, every agent held a renewed sense of wariness, their trust in one another deepening with the knowledge that the base—its technology, its secrets—was alive in a way they hadn't fully anticipated.",at the same time,"['in tandem', 'at once', 'concurrently', 'together', 'simultaneously']",[],262,Relation
"The imposing doors to the mainframe room stood ajar — an invitation or a trap, neither option comforting.","Without a word, they fortified their resolve and stepped through the threshold,",at the same time,"['in tandem', 'at once', 'concurrently', 'together', 'simultaneously']",[],263,Relation
"Without a word, they fortified their resolve and stepped through the threshold, where the dim glow of operational LED lights and the distant hum of machinery hinted at Dulce’s still-beating heart.","Solemnly, yet unmistakably together, they moved deeper into the heart of the enigma, ready to unmask the lifeforce of Dulce base or confront whatever existential threat lay in wait.",at the same time,"['in tandem', 'at once', 'concurrently', 'together', 'simultaneously']",[],264,Relation
Jordan Hayes paused at an innocuous looking panel,Jordan Hayes,is participated by,"['is part of', 'is represented by', 'is included in', 'involves', 'acted by']",[],265,Relation
Jordan Hayes paused at an innocuous looking panel,Mercer,is participated by,"['is part of', 'is represented by', 'is included in', 'involves', 'acted by']",[],266,Relation
Jordan Hayes paused at an innocuous looking panel,Rivera,is participated by,"['is part of', 'is represented by', 'is included in', 'involves', 'acted by']",[],267,Relation
"Alex joined Jordan's side, examining the panel",Alex,is participated by,"['is part of', 'is represented by', 'is included in', 'involves', 'acted by']",[],268,Relation
"Alex joined Jordan's side, examining the panel",Jordan Hayes,is participated by,"['is part of', 'is represented by', 'is included in', 'involves', 'acted by']",[],269,Relation
Jordan explained their reasoning as Sam approached,Jordan Hayes,is participated by,"['is part of', 'is represented by', 'is included in', 'involves', 'acted by']",[],270,Relation
Jordan explained their reasoning as Sam approached,Sam,is participated by,"['is part of', 'is represented by', 'is included in', 'involves', 'acted by']",[],271,Relation
The soft whir of an approaching drone cut through their muffled exchange,Taylor,is participated by,"['is part of', 'is represented by', 'is included in', 'involves', 'acted by']",[],272,Relation
The soft whir of an approaching drone cut through their muffled exchange,Cruz,is participated by,"['is part of', 'is represented by', 'is included in', 'involves', 'acted by']",[],273,Relation
"Sam was the first to react, their tech-savvy mind already steps ahead",Sam,is participated by,"['is part of', 'is represented by', 'is included in', 'involves', 'acted by']",[],274,Relation
"The drone lingered, its scan seeming more curious than hostile",Sam,is participated by,"['is part of', 'is represented by', 'is included in', 'involves', 'acted by']",[],275,Relation
"The drone lingered, its scan seeming more curious than hostile",the drone,is participated by,"['is part of', 'is represented by', 'is included in', 'involves', 'acted by']",[],276,Relation
"Cruz squared their shoulders, clearly ruffled but not conceding any ground",Cruz,is participated by,"['is part of', 'is represented by', 'is included in', 'involves', 'acted by']",[],277,Relation
"The team pressed onward, the quiet now filled with the soft beeps of regular comms checks",the team,is participated by,"['is part of', 'is represented by', 'is included in', 'involves', 'acted by']",[],278,Relation
"They converged upon a central hub, the imposing doors to the mainframe room stood ajar",the team,is participated by,"['is part of', 'is represented by', 'is included in', 'involves', 'acted by']",[],279,Relation
They fortified their resolve and stepped through the threshold,the team,is participated by,"['is part of', 'is represented by', 'is included in', 'involves', 'acted by']",[],280,Relation
"They moved deeper into the heart of the enigma, ready to unmask the lifeforce of Dulce base",the team,is participated by,"['is part of', 'is represented by', 'is included in', 'involves', 'acted by']",[],281,Relation
Agent Alex Mercer,Dr. Jordan Hayes,watched,"['viewed', 'saw', 'observed', 'stared', 'gazed']",[],282,Relation
Dr. Jordan Hayes,alien technology,hovered,"['drift', 'hang around', 'loiter', 'hover', 'linger']",[],283,Relation
Dr. Jordan Hayes,alien technology,probed,"['inquired', 'delved into', 'investigated', 'examined', 'looked into']",[],284,Relation
Dr. Jordan Hayes,physics,muttered,"['say', 'whisper', 'speak', 'utter', 'voice']",[],285,Relation
Dr. Jordan Hayes,translucent component,realigned,"['reset', 'adjust', 'correct', 'realign', 'revise']",[],286,Relation
Dr. Jordan Hayes,Agent Alex Mercer's eyes,met,"['collided with', 'ran into', 'bumped into', 'crossed paths with', 'encountered']",[],287,Relation
Agent Alex Mercer,Dr. Jordan Hayes,glanced,"['looked at', 'caught a glimpse of', 'peeked at', 'saw briefly']",[],288,Relation
Taylor Cruz,Dr. Jordan Hayes and Agent Alex Mercer,interrupted,"['cut off', 'halted', 'broken', 'paused', 'stopped']",[],289,Relation
Taylor Cruz,alien technology,observed,"['observed', 'noticed', 'perceived', 'witnessed', 'seen']",[],290,Relation
Taylor Cruz,Dr. Jordan Hayes,paused,"['interrupted', 'suspended', 'halted', 'ceased', 'stopped']",[],291,Relation
Dr. Jordan Hayes,Taylor Cruz,locked eyes,"['stared', 'met', 'locked', 'gazed', 'looked']",[],292,Relation
The thrumming of monitors cast a stark contrast to the rigid silence enveloping the group.,"Agent Alex Mercer, unfailingly determined on paper, seemed dwarfed by the enormity of the sterile briefing room where Paranormal Military Squad's elite convened.",at the same time,"['in tandem', 'at once', 'concurrently', 'together', 'simultaneously']",[],293,Relation
"The cooling vents hummed in a monotonous drone, but it was the crackle of the comms system coming to life that cut through the lab’s tension.",The crackle of the comms system coming to life that cut through the lab’s tension.,after,"['come next', 'ensue', 'follow', 'follow up', 'succeed']",[],294,Relation
"Dr. Jordan Hayes hovered over a table arrayed with alien technology, their fingers delicately probing the enigmatic circuitry retrieved from the crash site.",The crackle of the comms system coming to life that cut through the lab’s tension.,because,"['due to', 'on account of', 'thanks to', 'owing to', 'as a result of']",[],295,Relation
"Agent Alex Mercer watched, admiration blooming in silent solidarity for Jordan's deft touch and unspoken drive.","Dr. Jordan Hayes hovered over a table arrayed with alien technology, their fingers delicately probing the enigmatic circuitry retrieved from the crash site.",at the same time,"['in tandem', 'at once', 'concurrently', 'together', 'simultaneously']",[],296,Relation
"Jordan, always composed, only allowed the faintest furrow of concentration to mar their brow.","'What we understand about physics...' they muttered, trailing off as they realigned a translucent component.",as a result,"['aftermath', 'outcome', 'result', 'consequence', 'effect']",[],297,Relation
"The device emitted a low pulse, causing Jordan to still.","Jordan, always composed, only allowed the faintest furrow of concentration to mar their brow.",because,"['due to', 'on account of', 'thanks to', 'owing to', 'as a result of']",[],298,Relation
'Could be fundamentally changed by this.',"The device emitted a low pulse, causing Jordan to still.",as a result,"['aftermath', 'outcome', 'result', 'consequence', 'effect']",[],299,Relation
A calculated risk—that's what this was.,'Could be fundamentally changed by this.',because,"['due to', 'on account of', 'thanks to', 'owing to', 'as a result of']",[],300,Relation
"And for a person of science, a gamble was worth the potential paradigm shift.",A calculated risk—that's what this was.,as a result,"['aftermath', 'outcome', 'result', 'consequence', 'effect']",[],301,Relation
"'I’ve been thinking,' Alex started, his eyes still fixed on the immediately tangible mystery before them.","And for a person of science, a gamble was worth the potential paradigm shift.",after,"['come next', 'ensue', 'follow', 'follow up', 'succeed']",[],302,Relation
"About what’s at stake here. Not the mission parameters, but what this means for us—humanity.","'I’ve been thinking,' Alex started, his eyes still fixed on the immediately tangible mystery before them.",because,"['due to', 'on account of', 'thanks to', 'owing to', 'as a result of']",[],303,Relation
"Jordan glanced up, meeting his eyes just long enough to convey the shared enormity of their situation, the career-defining glory and existential dread entwined.","About what’s at stake here. Not the mission parameters, but what this means for us—humanity.",at the same time,"['in tandem', 'at once', 'concurrently', 'together', 'simultaneously']",[],304,Relation
'The quest for understanding always comes at a price. We're standing on the precipice of knowledge that could either elevate us or condemn us.',"Jordan glanced up, meeting his eyes just long enough to convey the shared enormity of their situation, the career-defining glory and existential dread entwined.",as a result,"['aftermath', 'outcome', 'result', 'consequence', 'effect']",[],305,Relation
The charged air between them spiked as Taylor Cruz’s brusque tones sliced through their reverie.,'The quest for understanding always comes at a price. We're standing on the precipice of knowledge that could either elevate us or condemn us.',after,"['come next', 'ensue', 'follow', 'follow up', 'succeed']",[],306,Relation
"'Hayes, Mercer, this isn't philosophy hour. Focus on the task. We need actionable intel, not daydreams.'",The charged air between them spiked as Taylor Cruz’s brusque tones sliced through their reverie.,because,"['due to', 'on account of', 'thanks to', 'owing to', 'as a result of']",[],307,Relation
"With a sound of restrained acknowledgment, Jordan returned their gaze to the device, while Alex clenched his jaw, the buzz of frustration dull against the backdrop of Taylor's authoritarian certainty.","'Hayes, Mercer, this isn't philosophy hour. Focus on the task. We need actionable intel, not daydreams.'",as a result,"['aftermath', 'outcome', 'result', 'consequence', 'effect']",[],308,Relation
"It was this competitive undercurrent that kept him alert, the sense that his and Jordan's shared commitment to discovery was an unspoken rebellion against Cruz's narrowing vision of control and order.","With a sound of restrained acknowledgment, Jordan returned their gaze to the device, while Alex clenched his jaw, the buzz of frustration dull against the backdrop of Taylor's authoritarian certainty.",because,"['due to', 'on account of', 'thanks to', 'owing to', 'as a result of']",[],309,Relation
Then Taylor did something unexpected.,"It was this competitive undercurrent that kept him alert, the sense that his and Jordan's shared commitment to discovery was an unspoken rebellion against Cruz's narrowing vision of control and order.",after,"['come next', 'ensue', 'follow', 'follow up', 'succeed']",[],310,Relation
"They paused beside Jordan and, for a moment, observed the device with something akin to reverence.",Then Taylor did something unexpected.,because,"['due to', 'on account of', 'thanks to', 'owing to', 'as a result of']",[],311,Relation
"'If this tech can be understood...' Taylor said, their voice quieter, 'It could change the game for us. For all of us.'","They paused beside Jordan and, for a moment, observed the device with something akin to reverence.",as a result,"['aftermath', 'outcome', 'result', 'consequence', 'effect']",[],312,Relation
"The underlying dismissal earlier seemed to falter, replaced by a glimpse of reluctant respect for the gravity of what lay in their hands.","'If this tech can be understood...' Taylor said, their voice quieter, 'It could change the game for us. For all of us.'",as a result,"['aftermath', 'outcome', 'result', 'consequence', 'effect']",[],313,Relation
"Jordan looked up, and for a fleeting heartbeat, their eyes locked with Taylor's, a wordless clash of wills softening into an uneasy truce.","The underlying dismissal earlier seemed to falter, replaced by a glimpse of reluctant respect for the gravity of what lay in their hands.",as a result,"['aftermath', 'outcome', 'result', 'consequence', 'effect']",[],314,Relation
It was a small transformation.,"Jordan looked up, and for a fleeting heartbeat, their eyes locked with Taylor's, a wordless clash of wills softening into an uneasy truce.",as a result,"['aftermath', 'outcome', 'result', 'consequence', 'effect']",[],315,Relation
The thrumming of monitors cast a stark contrast to the rigid silence enveloping the group.,Agent Alex Mercer,is participated by,"['is part of', 'is represented by', 'is included in', 'involves', 'acted by']",[],316,Relation
The thrumming of monitors cast a stark contrast to the rigid silence enveloping the group.,Paranormal Military Squad's elite,is participated by,"['is part of', 'is represented by', 'is included in', 'involves', 'acted by']",[],317,Relation
"The cooling vents hummed in a monotonous drone, but it was the crackle of the comms system coming to life that cut through the lab’s tension.",The lab,is participated by,"['is part of', 'is represented by', 'is included in', 'involves', 'acted by']",[],318,Relation
"The cooling vents hummed in a monotonous drone, but it was the crackle of the comms system coming to life that cut through the lab’s tension.",Dr. Jordan Hayes,is participated by,"['is part of', 'is represented by', 'is included in', 'involves', 'acted by']",[],319,Relation
"The cooling vents hummed in a monotonous drone, but it was the crackle of the comms system coming to life that cut through the lab’s tension.",The comms system,is participated by,"['is part of', 'is represented by', 'is included in', 'involves', 'acted by']",[],320,Relation
"Dr. Jordan Hayes hovered over a table arrayed with alien technology, their fingers delicately probing the enigmatic circuitry retrieved from the crash site.",Dr. Jordan Hayes,is participated by,"['is part of', 'is represented by', 'is included in', 'involves', 'acted by']",[],321,Relation
"Dr. Jordan Hayes hovered over a table arrayed with alien technology, their fingers delicately probing the enigmatic circuitry retrieved from the crash site.",Alien technology,is participated by,"['is part of', 'is represented by', 'is included in', 'involves', 'acted by']",[],322,Relation
"Dr. Jordan Hayes hovered over a table arrayed with alien technology, their fingers delicately probing the enigmatic circuitry retrieved from the crash site.",The crash site,is participated by,"['is part of', 'is represented by', 'is included in', 'involves', 'acted by']",[],323,Relation
"Jordan, always composed, only allowed the faintest furrow of concentration to mar their brow.",Jordan,is participated by,"['is part of', 'is represented by', 'is included in', 'involves', 'acted by']",[],324,Relation
"'What we understand about physics...' they muttered, trailing off as they realigned a translucent component.",Dr. Jordan Hayes,is participated by,"['is part of', 'is represented by', 'is included in', 'involves', 'acted by']",[],325,Relation
"The device emitted a low pulse, causing Jordan to still.",The device,is participated by,"['is part of', 'is represented by', 'is included in', 'involves', 'acted by']",[],326,Relation
"The device emitted a low pulse, causing Jordan to still.",Jordan,is participated by,"['is part of', 'is represented by', 'is included in', 'involves', 'acted by']",[],327,Relation
'Could be fundamentally changed by this.',Dr. Jordan Hayes,is participated by,"['is part of', 'is represented by', 'is included in', 'involves', 'acted by']",[],328,Relation
A calculated risk—that's what this was.,Dr. Jordan Hayes,is participated by,"['is part of', 'is represented by', 'is included in', 'involves', 'acted by']",[],329,Relation
"And for a person of science, a gamble was worth the potential paradigm shift.",Dr. Jordan Hayes,is participated by,"['is part of', 'is represented by', 'is included in', 'involves', 'acted by']",[],330,Relation
"'I’ve been thinking,' Alex started, his eyes still fixed on the immediately tangible mystery before them.",Agent Alex Mercer,is participated by,"['is part of', 'is represented by', 'is included in', 'involves', 'acted by']",[],331,Relation
"'About what’s at stake here. Not the mission parameters, but what this means for us—humanity.'",Agent Alex Mercer,is participated by,"['is part of', 'is represented by', 'is included in', 'involves', 'acted by']",[],332,Relation
"Jordan glanced up, meeting his eyes just long enough to convey the shared enormity of their situation, the career-defining glory and existential dread entwined.",Jordan,is participated by,"['is part of', 'is represented by', 'is included in', 'involves', 'acted by']",[],333,Relation
"Jordan glanced up, meeting his eyes just long enough to convey the shared enormity of their situation, the career-defining glory and existential dread entwined.",Agent Alex Mercer,is participated by,"['is part of', 'is represented by', 'is included in', 'involves', 'acted by']",[],334,Relation
'The quest for understanding always comes at a price. We're standing on the precipice of knowledge that could either elevate us or condemn us.',Dr. Jordan Hayes,is participated by,"['is part of', 'is represented by', 'is included in', 'involves', 'acted by']",[],335,Relation
The charged air between them spiked as Taylor Cruz’s brusque tones sliced through their reverie.,Taylor Cruz,is participated by,"['is part of', 'is represented by', 'is included in', 'involves', 'acted by']",[],336,Relation
The charged air between them spiked as Taylor Cruz’s brusque tones sliced through their reverie.,Agent Alex Mercer,is participated by,"['is part of', 'is represented by', 'is included in', 'involves', 'acted by']",[],337,Relation
The charged air between them spiked as Taylor Cruz’s brusque tones sliced through their reverie.,Dr. Jordan Hayes,is participated by,"['is part of', 'is represented by', 'is included in', 'involves', 'acted by']",[],338,Relation
"'Hayes, Mercer, this isn't philosophy hour. Focus on the task. We need actionable intel, not daydreams.'",Taylor Cruz,is participated by,"['is part of', 'is represented by', 'is included in', 'involves', 'acted by']",[],339,Relation
"With a sound of restrained acknowledgment, Jordan returned their gaze to the device, while Alex clenched his jaw, the buzz of frustration dull against the backdrop of Taylor's authoritarian certainty.",Jordan,is participated by,"['is part of', 'is represented by', 'is included in', 'involves', 'acted by']",[],340,Relation
"With a sound of restrained acknowledgment, Jordan returned their gaze to the device, while Alex clenched his jaw, the buzz of frustration dull against the backdrop of Taylor's authoritarian certainty.",Agent Alex Mercer,is participated by,"['is part of', 'is represented by', 'is included in', 'involves', 'acted by']",[],341,Relation
"With a sound of restrained acknowledgment, Jordan returned their gaze to the device, while Alex clenched his jaw, the buzz of frustration dull against the backdrop of Taylor's authoritarian certainty.",Taylor Cruz,is participated by,"['is part of', 'is represented by', 'is included in', 'involves', 'acted by']",[],342,Relation
"It was this competitive undercurrent that kept him alert, the sense that his and Jordan's shared commitment to discovery was an unspoken rebellion against Cruz's narrowing vision of control and order.",Agent Alex Mercer,is participated by,"['is part of', 'is represented by', 'is included in', 'involves', 'acted by']",[],343,Relation
"It was this competitive undercurrent that kept him alert, the sense that his and Jordan's shared commitment to discovery was an unspoken rebellion against Cruz's narrowing vision of control and order.",Dr. Jordan Hayes,is participated by,"['is part of', 'is represented by', 'is included in', 'involves', 'acted by']",[],344,Relation
"It was this competitive undercurrent that kept him alert, the sense that his and Jordan's shared commitment to discovery was an unspoken rebellion against Cruz's narrowing vision of control and order.",Taylor Cruz,is participated by,"['is part of', 'is represented by', 'is included in', 'involves', 'acted by']",[],345,Relation
Then Taylor did something unexpected.,Taylor Cruz,is participated by,"['is part of', 'is represented by', 'is included in', 'involves', 'acted by']",[],346,Relation
"They paused beside Jordan and, for a moment, observed the device with something akin to reverence.",Taylor Cruz,is participated by,"['is part of', 'is represented by', 'is included in', 'involves', 'acted by']",[],347,Relation
"They paused beside Jordan and, for a moment, observed the device with something akin to reverence.",Dr. Jordan Hayes,is participated by,"['is part of', 'is represented by', 'is included in', 'involves', 'acted by']",[],348,Relation
"'If this tech can be understood...' Taylor said, their voice quieter, 'It could change the game for us. For all of us.'",Taylor Cruz,is participated by,"['is part of', 'is represented by', 'is included in', 'involves', 'acted by']",[],349,Relation
"The underlying dismissal earlier seemed to falter, replaced by a glimpse of reluctant respect for the gravity of what lay in their hands.",Taylor Cruz,is participated by,"['is part of', 'is represented by', 'is included in', 'involves', 'acted by']",[],350,Relation
"The underlying dismissal earlier seemed to falter, replaced by a glimpse of reluctant respect for the gravity of what lay in their hands.",Dr. Jordan Hayes,is participated by,"['is part of', 'is represented by', 'is included in', 'involves', 'acted by']",[],351,Relation
"Jordan looked up, and for a fleeting heartbeat, their eyes locked with Taylor's, a wordless clash of wills softening into an uneasy truce.",Dr. Jordan Hayes,is participated by,"['is part of', 'is represented by', 'is included in', 'involves', 'acted by']",[],352,Relation
"Jordan looked up, and for a fleeting heartbeat, their eyes locked with Taylor's, a wordless clash of wills softening into an uneasy truce.",Taylor Cruz,is participated by,"['is part of', 'is represented by', 'is included in', 'involves', 'acted by']",[],353,Relation
It was a small transformation.,Taylor Cruz,is participated by,"['is part of', 'is represented by', 'is included in', 'involves', 'acted by']",[],354,Relation
It was a small transformation.,Dr. Jordan Hayes,is participated by,"['is part of', 'is represented by', 'is included in', 'involves', 'acted by']",[],355,Relation
Alex,inward nod,noted,"['noticed', 'marked', 'highlighted', 'recorded', 'remembered']",[],356,Relation
paths,here,brought,"['brought', 'delivered', 'introduced', 'presented', 'carried']",[],357,Relation
duty,unknown,pulled,"['drawn', 'pulled', 'yanked', 'tugged', 'hauled']",[],358,Relation
desires,anticipation,coalescing,"['integrate', 'combine', 'fuse', 'unite', 'merge']",[],359,Relation
efforts,understanding,sharpened,"['improved', 'honed', 'polished', 'refined', 'enhanced']",[],360,Relation
facts,truths,laid,"['put', 'set', 'laid down', 'placed', 'deposited']",[],361,Relation
Sam,thought,lingered,"['persisted', 'stayed', 'remained', 'lasted', 'endured']",[],362,Relation
files,curiosity,stirred,"['excited', 'disturbed', 'agitated', 'shaken']",[],363,Relation
tone,space,afforded,"['provided', 'offered', 'given', 'granted']",[],364,Relation
expectation,shoulders,pressing,"['intense', 'urgent', 'forceful']",[],365,Relation
mission,trust,placed,"['located', 'put', 'set', 'positioned', 'situated', 'placed']",[],366,Relation
patterns,off,admitted,"['let in', 'grant access', 'admitted', 'allow in']",[],367,Relation
anomaly,nothing,structured,"['organized', 'formatted', 'categorized', 'ordered', 'arranged']",[],368,Relation
eyes,approval,brightened,"['lit up', 'increased brightness', 'shine', 'made brighter']",[],369,Relation
intellect,uncertainty,guiding,"['steer', 'counsel', 'lead', 'direct', 'navigate']",[],370,Relation
exchange,arrival,cut,"['separate', 'fragment', 'split', 'divide', 'disjoint']",[],371,Relation
gait,confidence,brimming,"['packed', 'teeming', 'full', 'overflowing']",[],372,Relation
protocols,understanding,bridged,"['spanned', 'connected', 'linked']",[],373,Relation
mission,motives,challenged,"['resisted', 'opposed', 'confronted', 'disputed']",[],374,Relation
footsteps,rhythm,synchronized,"['matched', 'coordinated', 'harmonized', 'timed', 'aligned']",[],375,Relation
link,mutuality,poised,"['calm', 'ready', 'composed', 'balanced', 'steady']",[],376,Relation
They had all been brought here by different paths and for different reasons.,"beneath the veneer of duty, the enticement of the vast unknown pulled them inexorably together",because,"['due to', 'on account of', 'thanks to', 'owing to', 'as a result of']",[],377,Relation
"They refocused their efforts, each movement sharpened by the knowledge that beyond understanding the unearthly artifacts, they might be piecing together the future of their species.",the blink of lights and whir of machinery,after,"['come next', 'ensue', 'follow', 'follow up', 'succeed']",[],378,Relation
"the liminal space between the facts laid out and the hidden truths, sat Sam Rivera, his demeanor an artful balance of focus and a casual disguise of his razor-sharp talent with technology.",Amidst the sterility of the briefing room,at the same time,"['in tandem', 'at once', 'concurrently', 'together', 'simultaneously']",[],379,Relation
"'You've been quiet, Sam,' Alex noted, catching the younger man's contemplative gaze.","Sam nodded, recognizing the space afforded to him",because,"['due to', 'on account of', 'thanks to', 'owing to', 'as a result of']",[],380,Relation
"Sam nodded, recognizing the space afforded to him.",he couldn't help but feel the weight of expectation pressing upon his shoulders,because,"['due to', 'on account of', 'thanks to', 'owing to', 'as a result of']",[],381,Relation
Alex's eyes brightened with a subtle approval that crossed the distance like a silent nod.,"'Good. Keen eyes will keep us ahead—or at least not blindsided,' he said",as a result,"['aftermath', 'outcome', 'result', 'consequence', 'effect']",[],382,Relation
"Taylor Cruz's abrupt arrival, his gait brimming with a robust confidence that veiled the sharp undercurrents of his striving nature.","'Time to gear up. Dulce waits for no one,' Taylor announced",because,"['due to', 'on account of', 'thanks to', 'owing to', 'as a result of']",[],383,Relation
"As Sam and Alex nodded in unison, the icy chasm of hierarchy and cryptic protocols seemed momentarily to bridge over with an understanding—this mission was convergence, a nexus point that would challenge each of their motives and strength.",They filed out of the briefing room,after,"['come next', 'ensue', 'follow', 'follow up', 'succeed']",[],384,Relation
"They filed out of the briefing room, their footsteps synchronized, a rhythm that spoke volumes of the unknown cadence they would soon march to within the base's veins.","For Alex Mercer, the link with Sam Rivera, though distant, was now poised with a mutuality ready to face the unknown",because,"['due to', 'on account of', 'thanks to', 'owing to', 'as a result of']",[],385,Relation
They had all been brought here by different paths and for different reasons.,Alex,is participated by,"['is part of', 'is represented by', 'is included in', 'involves', 'acted by']",[],386,Relation
They had all been brought here by different paths and for different reasons.,Sam Rivera,is participated by,"['is part of', 'is represented by', 'is included in', 'involves', 'acted by']",[],387,Relation
They had all been brought here by different paths and for different reasons.,Taylor Cruz,is participated by,"['is part of', 'is represented by', 'is included in', 'involves', 'acted by']",[],388,Relation
"They refocused their efforts, each movement sharpened by the knowledge that beyond understanding the unearthly artifacts, they might be piecing together the future of their species.",Alex,is participated by,"['is part of', 'is represented by', 'is included in', 'involves', 'acted by']",[],389,Relation
"They refocused their efforts, each movement sharpened by the knowledge that beyond understanding the unearthly artifacts, they might be piecing together the future of their species.",Sam Rivera,is participated by,"['is part of', 'is represented by', 'is included in', 'involves', 'acted by']",[],390,Relation
"They refocused their efforts, each movement sharpened by the knowledge that beyond understanding the unearthly artifacts, they might be piecing together the future of their species.",Taylor Cruz,is participated by,"['is part of', 'is represented by', 'is included in', 'involves', 'acted by']",[],391,Relation
"Sam Rivera sat in the briefing room, his demeanor an artful balance of focus and a casual disguise of his razor-sharp talent with technology.",Sam Rivera,is participated by,"['is part of', 'is represented by', 'is included in', 'involves', 'acted by']",[],392,Relation
"Alex Mercer lingered in thought, the mental cogs turning as each file on Dulce stirred more than curiosity—it beckoned to a past both honored and burdensome.",Alex Mercer,is participated by,"['is part of', 'is represented by', 'is included in', 'involves', 'acted by']",[],393,Relation
"Alex noted, catching the younger man's contemplative gaze, 'You've been quiet, Sam.'",Alex Mercer,is participated by,"['is part of', 'is represented by', 'is included in', 'involves', 'acted by']",[],394,Relation
"Alex noted, catching the younger man's contemplative gaze, 'You've been quiet, Sam.'",Sam Rivera,is participated by,"['is part of', 'is represented by', 'is included in', 'involves', 'acted by']",[],395,Relation
"Sam nodded, recognizing the space afforded to him, and he couldn't help but feel the weight of expectation pressing upon his shoulders.",Sam Rivera,is participated by,"['is part of', 'is represented by', 'is included in', 'involves', 'acted by']",[],396,Relation
"Sam admitted, hesitant but driven, 'The patterns are... off.'",Sam Rivera,is participated by,"['is part of', 'is represented by', 'is included in', 'involves', 'acted by']",[],397,Relation
Alex's eyes brightened with a subtle approval that crossed the distance like a silent nod.,Alex Mercer,is participated by,"['is part of', 'is represented by', 'is included in', 'involves', 'acted by']",[],398,Relation
Taylor Cruz's abrupt arrival cut short their exchange.,Taylor Cruz,is participated by,"['is part of', 'is represented by', 'is included in', 'involves', 'acted by']",[],399,Relation
"Taylor announced, his voice carrying an iron resolve, 'Time to gear up. Dulce waits for no one.'",Taylor Cruz,is participated by,"['is part of', 'is represented by', 'is included in', 'involves', 'acted by']",[],400,Relation
Sam and Alex nodded in unison.,Sam Rivera,is participated by,"['is part of', 'is represented by', 'is included in', 'involves', 'acted by']",[],401,Relation
Sam and Alex nodded in unison.,Alex Mercer,is participated by,"['is part of', 'is represented by', 'is included in', 'involves', 'acted by']",[],402,Relation
"They filed out of the briefing room, their footsteps synchronized.",Alex Mercer,is participated by,"['is part of', 'is represented by', 'is included in', 'involves', 'acted by']",[],403,Relation
"They filed out of the briefing room, their footsteps synchronized.",Sam Rivera,is participated by,"['is part of', 'is represented by', 'is included in', 'involves', 'acted by']",[],404,Relation
"They filed out of the briefing room, their footsteps synchronized.",Taylor Cruz,is participated by,"['is part of', 'is represented by', 'is included in', 'involves', 'acted by']",[],405,Relation
Taylor Cruz,initiative,pulsed,"['pulsated', 'beat', 'vibrated', 'fluctuated', 'oscillated']",[],406,Relation
Taylor Cruz,anticipation,had,"['had\nexperienced', 'suffered', 'possessed', 'tolerated\npossessed in the past', 'held', 'owned', 'undergone', 'held in the past', 'contained', 'endured', 'had in the past']",[],407,Relation
they,alone,were,"['occurred', 'existed', 'took place', 'was the case', 'happened']",[],408,Relation
they,joined,were,"['occurred', 'existed', 'took place', 'was the case', 'happened']",[],409,Relation
they,embrace,stepping,"['shift', 'move', 'progress', 'proceed', 'advance']",[],410,Relation
they,Operation: Dulce,towards,"['alignment', 'direction', 'orientation', 'approach', 'in']",[],411,Relation
"The initiative pulsed like a heartbeat, anticipation thinly veiled behind a mask of duty.",Taylor Cruz was to be tested.,before,"['precede', 'antecedent', 'come first', 'prior to', 'lead']",[],412,Relation
They were each alone yet irrevocably joined.,They were stepping closer towards the volatile embrace of Operation: Dulce.,at the same time,"['in tandem', 'at once', 'concurrently', 'together', 'simultaneously']",[],413,Relation
They were stepping closer towards the volatile embrace of Operation: Dulce.,They were each alone yet irrevocably joined.,because,"['due to', 'on account of', 'thanks to', 'owing to', 'as a result of']",[],414,Relation
Taylor Cruz felt the initiative like a heartbeat,Taylor Cruz,is participated by,"['is part of', 'is represented by', 'is included in', 'involves', 'acted by']",[],415,Relation
Anticipation was thinly veiled behind a mask of duty,Anticipation,is participated by,"['is part of', 'is represented by', 'is included in', 'involves', 'acted by']",[],416,Relation
They were each alone yet irrevocably joined,They,is participated by,"['is part of', 'is represented by', 'is included in', 'involves', 'acted by']",[],417,Relation
They were stepping closer towards the volatile embrace of Operation: Dulce,They,is participated by,"['is part of', 'is represented by', 'is included in', 'involves', 'acted by']",[],418,Relation
They were stepping closer towards the volatile embrace of Operation: Dulce,Operation: Dulce,is participated by,"['is part of', 'is represented by', 'is included in', 'involves', 'acted by']",[],419,Relation
